headline,clickbait
Should I Get Bings,1
Which TV Female Friend Group Do You Belong In,1
"The New ""Star Wars: The Force Awakens"" Trailer Is Here To Give You Chills",1
"This Vine Of New York On ""Celebrity Big Brother"" Is Fucking Perfect",1
A Couple Did A Stunning Photo Shoot With Their Baby After Learning She Had An Inoperable Brain Tumor,1
32 Cute Things To Distract From Your Awkward Thanksgiving,1
If Disney Princesses Were From Florida,1
What's A Quote Or Lyric That Best Describes Your Depression,1
"Natalie Dormer And Sam Claflin Play A Game To See How They'd Actually Last In ""The Hunger Games""",1
16 Perfect Responses To The Indian Patriarchy,1
"21 Times I Died During The ""Captain America: Civil War"" Teaser",1
17 Times Kourtney Kardashian Shut Down Her Own Family,1
Does Coffee Make You Poop,1
Who Is Your Celebrity Ex Based On Your Zodiac,1
17 Hairdresser Struggles Every Black Girl Knows To Be True,1
Are You More Walter White Or Heisenberg,1
The Most Canadian Groom Ever Left His Wedding To Plow Out His Guests In A Snow Storm,1
Here's One Really Weird Thing About Butterfree,1
15 Resolutions To Make Good On In 2016,1
What New Thing Should You Try In 2016,1
Zoo Animals Around The World Are Opening Their Christmas Presents Early,1
Tell Us About Yourself(ie): Erica Ash,1
9 Times I Cried,1
21 Vegetarian Dump Dinners For The Crock Pot,1
This Goat Has Been Bullying His Tiger Friend,1
"8 Fall Shows To Be Excited About, 10 To Give A Chance, And 6 To Avoid",1
"Another Round, Episode 25: Stop Telling Women To Smile",1
16 Signs You Are Too Stubborn To Live,1
This Country Singer Makes Music On His Game Boy In His Spare Time,1
When You Realize Every Guy Is Taken,1
"An Awesome Look At The Behind-The-Scenes Concept Art Of ""Aladdin""",1
"Sarah Jessica Parker Talks Being A Carrie, ""Hocus Pocus,"" And Her Love Of New York",1
Which Type Of Swearer Are You,1
A Dad Recorded All The Adorable Questions His Son Asked When Watching Star Wars For The First Time,1
"29 Impossibly Stylish Cat Gifts, In Order Of Awesomeness",1
13 Of The Most Glorious Made-Up Words From Literature,1
We Pranked A Bunch Of People By Dropping An iPhone In Front Of Them,1
23 Flaws Every Sneakerhead Has,1
We Know Your Zodiac Sign Based On Which Cat You Choose,1
"Grimes On Her New Album And The Heartbreaking Inspiration Behind ""Oblivion""",1
This Instagram Account Is Recreating 2015's Greatest Hits With Barbies,1
The 22 Best Adele Memes,1
17 Pictures Hot People Will Never Understand,1
How Badly Are You Taking The One Direction Hiatus,1
We Know What You Want For Christmas Based On Your Zodiac Sign,1
Guys Try Pinterest Leaf Hacks,1
22 Tips For Hiking With Kids That Every Parent Should Know,1
The Scariest Halloween Candy Taste Test,1
This Dog Begging For His Human's Forgiveness Is The Cutest Thing You'll See Today,1
Here's 100 Years Of Bollywood Cinema In Under Four Minutes,1
Ed Westwick Showed Up To An Emmys Party Looking Like The Chuck Bass Of Your Dreams,1
What Is Your Favorite Activity When Visiting Family,1
Take This Color Test To See How Far You'd Go For Love,1
Are You Brave Enough To Date A Werewolf,1
18 Things Everyone Who Hates PDA Will Understand,1
27 Things That Always Happen In The Office During Christmas,1
How Many Of These SpongeBob Faces Do You Recognize,1
Which Golden Globe Reaction Face Are You Based On Your Zodiac Sign,1
25 Reasons A Trip To Costa Rica Could Actually Change Your Life,1
Literally Just 46 Photos Of Scotland Looking Sexy As Hell,1
58 Things That Mildly Annoy Anyone Who Lives With Someone Messy,1
17 Places All Music Lovers Should Go In London,1
"Do You Know The Lyrics To ""Hotline Bling"" By Drake",1
Which Weasley Should Be Your Best Friend,1
29 Books Every '90s Kid Will Immediately Recognize,1
This Organisation Is Trying To Launch India's First Transgender Model Agency,1
Request Timeout,1
"Issa Rae's ""Insecure"" Is Coming To HBO At Long Last",1
"How Well Do You Know ""Pretty Little Liars""",1
You've Been Using Your Rice Cooker Wrong The Entire Time,1
No Actors Of Color Were Nominated For An Oscar This Year And People Are Pissed,1
This Guy Totally Nailed What A Modern Day Aladdin Would Look Like,1
18 Easy And Delicious One-Pan Breakfasts,1
We Tried Out Magic Wands And Here's What Happened,1
Charli XCX Looked Like A Space Dominatrix At The MTV EMAs,1
If The Avengers Looked Like They Originally Did In The Comics,1
13 Reasons Urinals Are The Worst Human Invention Of All Time,1
Will You Get A Free Car From Oprah Or A Free Tub Of Vaseline From Tyra,1
28 Of The Most Canadian Crimes Ever Committed,1
19 Beautiful Places In Scotland That Give People All The Feels,1
Here's How To Actually Get Rid Of Acne All Over Your Body,1
This 24-Year-Old Guy Got Drunk And Accidentally Booked An Insane Vacation,1
I Asked Guys If They Were Going To Buy Leona Lewis's Exclusive Grindr Album,1
24 Delicious Thanksgiving Desserts That Aren't Pie,1
Country Star Jason Aldean Wore Blackface On Halloween To Dress Up As Lil Wayne,1
17 Times College Literally Sucked The Life Out Of You,1
"The Hardest ""America's Next Top Model"" Quiz You'll Take Today",1
This Color Test Will Determine How You Like To Masturbate,1
42 Of The Most Romantic Lines From YA Literature,1
"This Reporter Responded To A Vulgar Comment With An Awesome ""Your Mama"" Joke",1
22 People Who Were Just Smooth AF,1
Are You Bart Or Lisa,1
Which Zodiac Sign Are You Most Compatible With,1
"How Well Do You Remember ""The Vampire Diaries"" Murder House Party",1
"How Well Do You Remember ""Sabrina, The Teenage Witch""",1
12 Signs You Grew Up In San Francisco,1
What You Say To Someone With Chronic Pain And What They Hear,1
23 Totally Amazing BodyCon Looks You'll Wanna Rock This Fall,1
There's An Amazing New Beauty Box Catering To Women Of Color,1
Microsoft invested 4 billion USD into Xbox division,0
California teacher arrested after photos indicated lewd acts on children,0
Irish priest seized by gunmen in the Philippines,0
Man drowns in Texas lake after falling from boat,0
Virginians melee at used Apple iBook sale,0
Porsche Looks at Restructuring VW Relationship,0
Pakistan: 38 Talibani insurgents killed in two seperate attacks in Orakzai area,0
Missing European divers found alive,0
5 killed in return bus trip from marching band competition,0
Hamas Fighters Display Mix of Swagger and Fear,0
"Hezbollah strengthening, according to Israeli Defense Minister",0
US Congressional panel claims Turkey committed genocide,0
Baylor Stuns No. 11 Kansas in Big 12 Tournament,0
"Wikimedia, IWF respond to block of Wikipedia over child pornography allegations",0
"HiNet, WCG, and WGT unite holding Taiwanese Gaming Athletes' Qualification",0
2012 Report on Gender Equality and Development looks at women's issues in India,0
"Greece on fire, death toll exceeds 60",0
Huntsman Wins Right to Sue Banks Over Failed Deal,0
"New industrial area to be created in Arad county, Romania",0
'Criminal in uniform': Senior London policeman jailed for attempting to frame Iraqi,0
World's Largest Ball of Twine Turns 50,0
The Middle Kingdom Meets the Middle East,0
"On Foreign Policy, Obama Shifts, but Only a Bit",0
Clues to Framework of the Satyam Fraud in India,0
US extradition request blocked by Dutch court,0
Islamic Law Now Official for Swat Valley in Pakistan,0
Clinton meetings fuel speculation over presidential bid,0
"To Curb Wild Horses, a Voice for a Contraceptive Called P.Z.P.",0
Catholic Democrats tell Chicago Cardinal George not to pull funding from immigration campaigners supporting same-sex marriage,0
Recession Means Less Money Out on the Green,0
Luxembourg votes Yes to the EU treaty,0
Portugal taken to penalties; beat England and reach historic semi-final,0
Harvard Law School gives its highest honour to Pakistani judge,0
Oak Park and neighbors to study Les Golden's intergovernmental cooperation proposals,0
South Korea and US hold joint exercises; North does not retaliate,0
Mexico Posts Are Blitzed After Arrest in Drug War,0
Boeing 737 crash-lands in Colombia; at least one killed,0
Rioting develops throughout England,0
"Facing a Shortfall, CBC Will Cut Jobs",0
"As Real Madrid Packs in Players, Some Must Go",0
Russia to Ban Hunting of Baby Seals,0
Denver win 2009 USAFL National Championship,0
NASA launches two space probes to the moon,0
Hubble detects methane on distant planet,0
Russian singer Lyudmila Zykina dies at age 80,0
Syracuse Beats Cornell for 11th Lacrosse Title,0
Xbox 360 console sales surge in America,0
Paula Creamer Is Feeling Better and Aiming to Win on L.P.G.A. Tour,0
A Cablevision Customer Grabs the Clicker,0
Fiji loses rights to host World Netball Championships next year,0
"Speeding ticket paid with 12,000 pennies",0
Waterboarding Used 266 Times on 2 Suspects,0
"An Islamic Radical, Maqdisi, Quotes West Point in His Defense",0
Crackdowns on Protesters Drape Tehran in Silence,0
"Matthew Edwards, honored Michigan police officer, shot and killed",0
"In California, Desalination of Seawater as a Test Case",0
Israel begins using sonic booms against Palestinians,0
Kangaroo injures Australian politician,0
Scarponi Wins Stage 6 of Giro; Armstrong Puts Finish in Perspective,0
UK sending additional 500 troops to Afghanistan,0
Crash in Indonesia Kills More Than 90,0
Remaining Expedition 25 crew to launch to International Space Station,0
Belgium's Queen Fabiola seriously ill,0
Long March 3C rocket launches Tianlian-1 satellite,0
UK to ban Islamist group al-Shabaab,0
Russian Soyuz space capsule lands safely with crew,0
"Neolithic noodles found in Qinghai, China",0
Detroit Faces Its Critics With Anger and Tears,0
"NYC transit deadline past, no strike or talks",0
Shoppers World hosts arts event,0
"Russian forces storm oil tanker seized by Somali pirates, crew freed",0
Former Guatemalan president arrested,0
Heavy turbulence during WestJet flight injures nine people,0
Would-Be Olympic Protester Sentenced to 3 Years in Prison,0
Red Wings Come on Strong in Third Period to Take Game 1,0
Young child dies imitating Hussein's execution,0
An Airport Screening Program Is Killed,0
"Stage collapse at Canadian ""Big Valley Jamboree"" kills one, and seriously injures four others",0
Glenbard East defeated by Benet Academy in Illinois basketball sectional,0
"For Now, Albert Pujols Is at Home in St. Louis",0
"Cameron, Salmond sign deal for referendum on Scottish independence",0
Germany Moves to Buy Hypo Real Estate Holding,0
U.S. did not inform Pakistan of bin Laden mission because of suspicions he was being harbored by government,0
8 Teams Threaten to Splinter From Formula One,0
Turmoil Stalls Phuket Vacation Home Boom,0
"Several businesses catch fire in Queens, New York",0
Toxic wetlands may be cause of thousands of bird deaths in Western Australia,0
U.S. General McChrystal submits plan on Afghanistan to President Obama,0
Group of Rich Americans Sues UBS to Keep Names Secret in Tax Case,0
Aidan Burley MP sacked following Nazi pics furore,0
Google removes ownership claim from Chrome EULA,0
Japan earthquake shifts Earth's axis 10 centimetres,0
Mets Using Tours as Lure to Sell Tickets at Citi Field,0
Former Vice President of the United States Al Gore and longtime wife Tipper separating,0
Dozens Hurt in San Francisco Train Crash,0
Rapper Obie Trice shot on Detroit freeway,0
Yankees Lose Their Way on Bridge to Rivera,0
California county's corporate anti-electioneering measure abandoned,0
Official Defends Signing Interrogation Memos,0
Write-Downs Take Neiman Marcus to a Loss,0
California Lawmakers Struggle to Strike Budget Deal,0
